Word,Frequency
#dilsefoodie,10
#food,10
#Discover,6
#DiwaliGift,6
#DiwaliGifting,6
#foodtraveletc,6
#travel,6
#DiwaliGiftHamper,4
#GiftHamper,4
#GiftHampers,4
#FestivalGift,4
#ITCHotels,4
#GourmetCouch,4
#Gourmet,4
#Diwali,4
#DiwaliHampers,4
#DiwaliParty,4
#Luxury,4
#travelcouple,4
#Dubai,4
#Food,3
#FoodTraveletc,3
#Collab,3
#TravelCouple,3
#LuxuryResort,3
#streetfood,2
#Farmio,2
#FarmioGrocery,2
#ElevateYourCuisine,2
#FreshnessMatters,2
#Groceries,2
#Meat,2
#FrozenMeat,2
#Seafood,2
#FrozenSeafood,2
#Prawns,2
#Fish,2
#ImportedFruits,2
#DiwaliDelights,2
#FestiveCurations,2
#CelebratingLife,2
#ITC,2
#ITCCollection,2
#ByITC,2
#Indian,2
#IndianFood,2
#LuxuryDining,2
#MasterChef,2
#SignatureMenu,2
#Flavourful,2
#ResponsibleLuxury,2
#Hampers,2
#Gift,2
#GiftBoxes,2
#GiftingDiwali,2
#GourmetHampers,2
#BakedGifts,2
#GlasswareGems,2
#DiwaliEssentials,2
#Diwali2023,2
#PartyInStyle,2
#Crockery,2
#Glassware,2
#Luxe,2
#Obsessed,2
#ButlerService,2
#PartyButler,2
#PartyWithITCHotels,2
#ITCHotelsButlers,2
#CelebrateDiwali,2
#Hosting,2
#DiwaliPartyReady,2
#FestiveCelebrations,2
#LiveMusic,2
#JuhuNightlife,2
#SipAndGroove,2
#TheSingletonSocialIndia,2
#MusicAndArtEvent,2
#MumbaiNightlife,2
#One8Juhu,2
#ArtisticExpression,2
#MusicalInterlude,2
#CreativityUnleashed,2
#luxurytravel,2
#london,2
#coupletravel,2
#london🇬🇧,2
#travelinfluencer,2
#dubai,2
#burjkhalifa,2
#collab,2
#ParkHyattDubai,2
#ParkHyatt,2
#Travel,2
#FBAlAmericanPistachios,2
#Pistachio,1
#HappyDiwali2023,1
#ChandniChowk,1
#Californiapistachios,1
#Pistachios,1
#AmericanPistachiosIndia,1
#AmericanPistachios,1
#Ad,1
#cholebhature,1
#Happydiwali,1
#celebration,1
#canada,1
#blogger,1
#paneer,1
#tikka,1
#bangalore,1
#haldwani,1
#biryani,1
#justlookinglikeawow,1
#aerocity,1
#gulabjamun,1
#sweets,1
#banquet,1
#fish,1
#spices,1
#foodfood,1
#kharibaoli,1
#scotland,1
#edinburgh,1
#carltonhill,1
#history,1
#nationalmonumentofscotland,1
#unitedkingdom,1
#londondiaries,1
#stpaulscathedral,1
#dubai🇦🇪,1
#visitdubai,1
#burjkhalifadubai,1
#mosque,1
#abudhabi,1
#grandmosque,1
#sheikhzayedgrandmosque,1
#DubaiCreekResort,1
#TravelInfluencer,1
#celavi,1
#addressskyview,1
#dinnerwithaview,1
#luxurydining,1
#CentaraMirageDubai,1
#AllInclusive,1
#FoodTravelEtc,1
#InsideBurjAlArab,1
#BurjAlArab,1
#LuxuryHotels,1
#JumeirahHotels,1
#VisitDubai,1
#theFBAI,1
#marketing,1
#socialmedia,1
#strategy,1
#experience,1
#influencer,1
#community,1
#foodie,1
#instagood,1
#instagram,1
#eat,1
#FBAIUSABlueberries,1
#Jaipur,1
#usablueberries,1
#blueberries,1
#Blueberry,1
#WorldVeganDay,1
#BombayBakingCompany,1
#BBC,1
#Vegan,1
#sourdoughbread,1
#focaccia,1
#hummus,1
#Juhu,1
#IFBA,1
#fbai,1
#trndingreels,1
#koreanbuns,1
#baking,1
#mumbaibakers,1
#mumbaihomebakers,1
#desserts,1
#foodblogger,1
#mumbaifoodblogger,1
#prowine,1
#bartenders,1
#bar,1
#bars,1
#Friday,1
#cocktails,1
#conversations,1
#FBAI,1
